<?xml version="1.0" encoding="UTF-8"?>
<application xmlns="http://ns.adobe.com/air/application/1.5">

<!-- Adobe AIR Application Descriptor File Template.

	Specifies parameters for identifying, installing, and launching AIR applications.

	xmlns - The Adobe AIR namespace: http://ns.adobe.com/air/application/1.5
			The last segment of the namespace specifies the version 
			of the AIR runtime required for this application to run.
			
	minimumPatchLevel - The minimum patch level of the AIR runtime required to run 
			the application. Optional.
-->

	<!-- The application identifier string, unique to this application. Required. -->
	<id>com.hackfrag.taskforce</id>

	<!-- Used as the filename for the application. Required. -->
	<filename>taskforce</filename>

	<!-- The name that is displayed in the AIR application installer. Optional. -->
	<name>Taskforce</name>

	<!-- An application version designator (such as "v1", "2.5", or "Alpha 1"). Required. -->
	<version>0.1</version>

	<!-- Description, displayed in the AIR application installer. Optional. -->
	<description>Taskforce - Getting shit Taskforce</description>

	<!-- Copyright information. Optional -->
	<copyright>Copyright (c)    2009, Hackfrag &lt;hackfrag@gmail.com&gt;&#13;Licensed under The MIT License&#13; Redistributions of files must retain the above copyright notice.</copyright>

	<!-- Settings for the application's initial window. Required. -->
	<initialWindow>
		<!-- The main HTML file of the application. Required. -->
		<content>index.html</content>
		
		<!-- The title of the main window. Optional. -->
		<title>Taskforce - Getting shit done</title>

		<!-- The type of system chrome to use (either "standard" or "none"). Optional. Default standard. -->
		<systemChrome>standard</systemChrome>

		<!-- Whether the window is transparent. Only applicable when systemChrome is false. Optional. Default false. -->
		<transparent>false</transparent>

		<!-- Whether the window is initially visible. Optional. Default false. -->
		<visible>true</visible>

		<!-- Whether the user can minimize the window. Optional. Default true. -->
		<minimizable>true</minimizable>

		<!-- Whether the user can maximize the window. Optional. Default true. -->
		<maximizable>true</maximizable>

		<!-- Whether the user can resize the window. Optional. Default true. -->
		<resizable>true</resizable>

		<!-- The window's initial width. Optional. -->
		<width>1024</width>

		<!-- The window's initial height. Optional. -->
		<height>768</height>

		<!-- The window's initial x position. Optional. -->
		<x>200</x>

		<!-- The window's initial y position. Optional. -->
		<y>200</y>

		<!-- The window's minimum size, specified as a width/height pair, such as "400 200". Optional. -->
		<minSize>800 600</minSize>

		<!-- The window's initial maximum size, specified as a width/height pair, such as "1600 1200". Optional. -->
		<maxSize>1280 1024</maxSize>
	</initialWindow>

	<!-- The subpath of the standard default installation location to use. Optional. -->
	<!-- <installFolder></installFolder> -->

	<!-- The subpath of the Windows Start/Programs menu to use. Optional. -->
	<!-- <programMenuFolder></programMenuFolder> -->

	<!-- The icon the system uses for the application. For at least one resolution,
		 specify the path to a PNG file included in the AIR package. Optional. -->
	<icon>
	<!--
	<image16x16>public/icons/done.png</image16x16>
	<image32x32>public/icons/done.png</image32x32>
	<image48x48>public/icons/done.png</image48x48>
	-->
	<image128x128>public/icons/icon.png</image128x128>
</icon>

	<!-- Whether the application handles the update when a user double-clicks an update version
	of the AIR file (true), or the default AIR application installer handles the update (false).
	Optional. Default false. -->
	<!-- <customUpdateUI></customUpdateUI> -->
	
	<!-- Whether the application can be launched when the user clicks a link in a web browser.
	Optional. Default false. -->
	<!-- <allowBrowserInvocation></allowBrowserInvocation> -->

	<!-- Listing of file types for which the application can register. Optional. -->
	<fileTypes>
<!-- Defines one file type. Optional. -->
<!-- <fileType> -->
<!-- The name that the system displays for the registered file type. Required. -->
<!-- <name></name> -->
<!-- The extension to register. Required. -->
<!-- <extension></extension> -->
<!-- The description of the file type. Optional. -->
<!-- <description></description> -->
<!-- The MIME type. Optional. -->
<!-- <contentType></contentType> -->
<!-- The icon to display for the file type. Optional. -->
<!-- <icon>
				<image16x16></image16x16>
				<image32x32></image32x32>
				<image48x48></image48x48>
				<image128x128></image128x128>
			</icon> -->
<!-- </fileType> -->
</fileTypes>

</application>
